"well","row","col","dHm_fit","Tm_fit","BS_factor","T_onset","dG_std"
"A01","01","01",173837.418050598,330.506281076228,0.943152730822943,308.125705623112,17018.5339343477
"A02","01","02",176283.503338959,330.437256903009,0.942331920832378,308.355392128984,17224.7851631878
"A03","01","03",130515.149279174,332.969082538956,0.956456628486908,303.398289214024,13648.1673333861
"A04","01","04",141349.48092893,332.529470147229,0.956367555101184,305.107672914015,14613.8032751531
"A05","01","05",149229.46630964,331.797924125287,0.952730393732486,305.820695658887,15133.4935951795
"A06","01","06",169223.821151769,331.468503593963,0.942376108653529,308.390975202747,17010.0158298483
"A07","01","07",170007.413001744,330.761130076203,0.94687261282177,307.877180981649,16761.7454264996
"A08","01","08",172529.876558179,330.394122692776,0.939211564400357,307.870272943733,16837.6920950391
"A09","01","09",178358.396563077,330.129179217487,0.944683501989397,308.326584208826,17277.3431968477
"A10","01","10",171158.943106961,330.476959397822,0.946445722847418,307.774101755324,16742.6141128714
"A11","01","11",174192.958096967,331.432014681599,0.942027823449269,308.972973171745,17492.2528060058
"A12","01","12",171448.005087866,330.288945758197,0.943130442198267,307.646640414902,16682.8415138785
"A13","01","13",178195.986094786,330.220205804861,0.939316185109901,308.387415802281,17305.972945329
"A14","01","14",114147.588329337,335.409912576349,0.946299212600779,301.557743496031,12680.3919695846
"A15","01","15",118730.66788486,334.649824026005,0.941071471932432,302.11781469804,12949.8005770674
"A16","01","16",124892.363418994,331.408747391198,0.914954611103634,300.904288612216,12533.6569983137
"A17","01","17",125099.471156154,334.805883898687,0.953451206046617,303.748905954561,13696.3891945063
"A18","01","18",132988.174264589,335.365759211926,0.952669727811961,305.895395334862,14757.7853001297
"A19","01","19",163134.30226369,335.176628390729,0.963900410910634,310.782158748805,18021.2839322946
"A20","01","20",148331.006763424,331.517083675323,0.952349780582171,305.437359781019,14929.4662569102
"A21","01","21",172449.546170887,330.343233537315,0.945524544856778,307.816311651522,16805.8793087291
"A22","01","22",184285.310058821,331.515935176658,0.94712998436644,310.197338117876,18547.6806903907
"A23","01","23",177719.421841532,330.68948400696,0.943358541448904,308.741842977609,17487.3969824121
"A24","01","24",176094.443182977,331.026885601888,0.945001566297366,308.846591877403,17489.3252344995
"B01","02","01",173721.755421697,330.09341024803,0.942504999351091,307.752968357745,16811.1968617414
"B02","02","02",171252.489590771,330.278666925817,0.944030028237091,307.613647680414,16659.0057102132
"B03","02","03",123028.341242936,334.820433637055,0.951446643593453,303.287251147943,13474.3945404376
"B04","02","04",128847.671307588,334.618020386497,0.953886683307158,304.415298137098,14042.3384806666
"B05","02","05",144965.191172186,333.409979047301,0.95631809055627,306.480692632379,15330.8836703839
"B06","02","06",166271.3696257,331.732214874169,0.952361479514998,308.237885434697,16832.1333046013
"B07","02","07",166129.454383219,331.276740118665,0.946796795716761,307.826004332629,16612.4771073186
"B08","02","08",176207.538382447,331.250080485607,0.942948423536723,309.054169294688,17607.4936920149
"B09","02","09",176336.059084746,330.29193355383,0.940001705755783,308.234975520326,17159.9161785839
"B10","02","10",175457.431409119,330.848323238824,0.945505540479222,308.616113459502,17340.7673664639
"B11","02","11",179596.459134911,330.562810222916,0.952199595642289,308.845578115702,17610.0449494666
"B12","02","12",179107.853817663,330.860578124873,0.944249267410709,309.050054970045,17707.5234477458
"B13","02","13",176020.446123446,330.998470203853,0.945772615148848,308.813158743234,17468.3658694675
"B14","02","14",133948.771400371,334.503829158191,0.953725516215791,305.370121114274,14557.5336572179
"B15","02","15",139794.145741136,333.683352316967,0.960342491572668,305.797357226551,14886.4322957013
"B16","02","16",166148.476330824,332.832047205138,0.965273949252345,309.170978472176,17313.1444148942
"B17","02","17",171276.106086406,331.75092600138,0.958211999442841,308.893319984541,17347.4595407457
"B18","02","18",172541.895030162,331.299028977842,0.949350260987741,308.657327782844,17264.1504440663
"B19","02","19",179647.221262399,331.07532242347,0.944380503372451,309.298665172009,17865.851913237
"B20","02","20",176540.843825606,330.795637249303,0.942567916629289,308.697552985252,17422.504102958
"B21","02","21",175109.903932287,330.889683948711,0.946898652099759,308.610940177418,17326.145809734
"B22","02","22",181891.868376811,330.367227276395,0.951335180191978,308.930830378655,17737.9932977465
"B23","02","23",179041.357478324,331.002633814766,0.946836639608317,309.16642329867,17770.191394385
"B24","02","24",179888.87125233,330.818404898996,0.944247389551309,309.101714316557,17764.0735698751
"C01","03","01",165949.544578058,330.994358869732,0.941592000148237,307.558587713618,16467.0673391612
"C02","03","02",167445.018998746,331.167515520522,0.946636052513441,307.902887055417,16694.3261477065
"C03","03","03",103066.275127979,336.689208205023,0.919189067843623,299.332136620297,11797.5050559227
"C04","03","04",113645.625795288,335.474532495954,0.933312285919991,301.475559041675,12644.0890205888
"C05","03","05",111257.291282769,335.474907278972,0.938270438082398,300.8214032441,12378.4759787882
"C06","03","06",118804.75739972,335.241665035259,0.915986779817459,302.618472767522,13144.7451962815
"C07","03","07",132928.944246533,331.316751453415,0.891739230316637,302.511444246891,13306.967533181
"C08","03","08",123021.476934809,334.942336263338,0.944748907650529,303.385675348868,13513.5127959438
"C09","03","09",132922.101152082,333.696303130443,0.954807485345999,304.492607454422,14159.2497608231
"C10","03","10",153978.174451261,331.883316859825,0.953244192755321,306.633796165698,15650.6648101736
"C11","03","11",162437.064660117,331.492616167111,0.949526312438916,307.517259057288,16338.4535103614
"C12","03","12",171285.988762188,330.733447684536,0.949061851917041,308.012254316019,16874.8824559472
"C13","03","13",170884.383408675,331.149780351575,0.946374468328739,308.323478501799,17028.9924758933
"C14","03","14",164454.529375713,331.768248257259,0.951361299966177,308.02796022761,16664.2625526251
"C15","03","15",169026.912489207,331.697510004885,0.954987750232586,308.564151656054,17095.1902465077
"C16","03","16",157696.356904887,331.641040653538,0.954845486472771,306.977258517515,15925.0950654621
"C17","03","17",178145.339266319,332.360741023571,0.953580871399746,310.247594660829,18336.9553438446
"C18","03","18",186462.873509064,331.530648392671,0.942768404825101,310.443368576875,18774.2872312701
"C19","03","19",183697.775777045,331.715383468025,0.942470837711695,310.308093989741,18587.8816403284
"C20","03","20",179636.404892379,330.783899564562,0.946519343595973,309.043080795431,17722.2543271114
"C21","03","21",174281.273894591,330.733415205704,0.940805401390512,308.376326797984,17169.9587909935
"C22","03","22",175997.905822526,331.452149133232,0.941373600829083,309.205365841016,17683.1211448331
"C23","03","23",171882.287014458,330.34809521123,0.942444279396503,307.751271250749,16752.8807419847
"C24","03","24",169986.011932029,330.186768049861,0.945503228698244,307.376812140594,16493.0971284864
"D01","04","01",177529.645468973,330.95138048103,0.946446326960619,308.948181898913,17595.3864861545
"D02","04","02",171769.043330867,330.977797508932,0.946826973177595,308.283774260478,17036.7904288703
"D03","04","03",121506.127866331,333.533547100777,0.938302519960664,301.876031042657,12890.2110020505
"D04","04","04",116202.437090626,334.909565514177,0.938667617104397,301.690954599772,12754.3418850455
"D05","04","05",118105.537640986,332.956791408437,0.924546884278825,300.583314225495,12346.5714438855
"D06","04","06",112920.277315129,335.316810459236,0.938768865697421,301.152212673149,12516.1829442069
"D07","04","07",118753.491190382,335.119189474409,0.940073027579982,302.50596654465,13100.4742624566
"D08","04","08",123024.902173483,334.881802366498,0.948093559817711,303.336805263707,13494.0936200785
"D09","04","09",153242.846822408,334.082569336053,0.961277155714849,308.396922629334,16482.1805269386
"D10","04","10",150894.840879982,332.983288715593,0.956728986134998,307.09366338543,15785.0671075425
"D11","04","11",167672.904566546,331.305210438354,0.946273361412754,308.051335236474,16779.7857098546
"D12","04","12",169127.14038826,330.998411302097,0.94565207743694,307.971780851684,16784.2433078948
"D13","04","13",168355.959888502,331.085971586719,0.940754464588881,307.949424523639,16747.8165407261
"D14","04","14",134364.846719342,333.906542994377,0.95117525131519,304.954380493602,14388.5243324925
"D15","04","15",137809.55410968,334.129424022578,0.953504281786941,305.803462772821,14839.4844188864
"D16","04","16",158239.336742103,333.441589994048,0.964601097856429,308.598480106085,16748.1140949817
"D17","04","17",169993.820763314,332.523929396676,0.96215438696734,309.402214103037,17572.737106143
"D18","04","18",176365.659133652,332.058639517113,0.950641802269013,309.77653823592,18009.8297320552
"D19","04","19",172943.247191721,331.232828471935,0.951567171329585,308.648809323991,17273.2026853068
"D20","04","20",173108.973107899,331.355807755908,0.946758848265402,308.775749660141,17347.5857289874
"D21","04","21",173412.9775858,330.67927608201,0.946858442324283,308.224949431161,17058.8211360814
"D22","04","22",177636.105341741,330.890556363434,0.940315900893179,308.907482400229,17576.5213218546
"D23","04","23",181428.167855544,331.577438458506,0.940599194753905,309.937256645249,18290.3847252854
"D24","04","24",178948.752292867,329.829872119808,0.94069283659242,308.132567899351,17187.8718934773
"E01","05","01",178478.742384586,331.658146840508,0.942099846667984,309.6737086753,18032.0970996919
"E02","05","02",168881.682836066,331.089853549161,0.942151705184172,308.019789170887,16801.8978537795
"E03","05","03",104663.633131615,337.657833512236,0.932672248862287,300.607835929507,12246.2237867783
"E04","05","04",113936.239086989,333.954164204586,0.925213277116239,300.324494524504,12215.4243018345
"E05","05","05",117220.802645993,334.202456799202,0.939624574850412,301.376240850335,12645.322729933
"E06","05","06",126685.987682029,331.846812702067,0.914048146973131,301.658963817402,12864.1102927522
"E07","05","07",138898.982061235,331.686899592383,0.91959112448212,303.957001661328,14044.0916436447
"E08","05","08",119429.864154661,334.094777359267,0.934896707818376,301.836889458082,12849.2875914385
"E09","05","09",123744.20688903,335.479516358164,0.957358731634692,303.993856330995,13769.2800008701
"E10","05","10",138718.512012774,333.624194686976,0.958945626269097,305.549706293271,14749.9119674033
"E11","05","11",161932.471439049,332.14407604019,0.953814677865379,308.008269977621,16573.3642252554
"E12","05","12",168361.115370933,331.622004644901,0.94650686253822,308.413766880683,16993.3959652376
"E13","05","13",174528.345014471,330.749806759861,0.946044054541495,308.420093009197,17202.0971904027
"E14","05","14",158577.22425741,330.907047806063,0.951110853587523,306.474622096053,15697.8273820182
"E15","05","15",164203.542285837,331.329994491017,0.952075459680092,307.616542390407,16443.6444603183
"E16","05","16",164912.593782302,331.185046068812,0.951084935725145,307.586208118001,16449.7014511749
"E17","05","17",171522.095074892,331.247425339647,0.949481943745207,308.48720522081,17138.0644846378
"E18","05","18",167426.446855419,330.973727679868,0.946875649758403,307.732966527808,16604.2185176269
"E19","05","19",167821.706263777,331.098664613254,0.946327546193111,307.891908614745,16700.463352723
"E20","05","20",172739.084831461,331.05188709342,0.946337681334328,308.466849653051,17167.8280273375
"E21","05","21",173345.446358227,331.120252632555,0.944814096452326,308.599863033801,17260.3249535328
"E22","05","22",174917.45089992,330.766399419211,0.93858950580424,308.48085130119,17248.3585211792
"E23","05","23",167631.059988001,330.324405661826,0.942596557041737,307.197837619461,16327.6755611497
"E24","05","24",169293.976487165,330.493102982271,0.942169841919148,307.555341521432,16567.645334784
"F01","06","01",174202.8776993,330.45793812316,0.943537886755022,308.127454768457,17031.3227321774
"F02","06","02",163199.062524864,330.576517872992,0.944881929888726,306.832076144535,16008.3279715932
"F03","06","03",133555.351409949,334.850622521452,0.953489670237314,305.58063676162,14638.0630888701
"F04","06","04",130776.649351923,334.806371304312,0.9539383104042,304.977415482585,14318.11885151
"F05","06","05",144627.338745192,332.982729122158,0.950980109367775,306.061956095685,15129.207834445
"F06","06","06",154242.628456095,332.27998952336,0.95705338532238,307.012467864982,15842.9621380857
"F07","06","07",164706.258622699,331.463973399694,0.951563716380905,307.799289571536,16553.8953215383
"F08","06","08",162898.934530939,331.496575123452,0.946792334687519,307.583741567671,16386.6596686357
"F09","06","09",165236.171103215,331.235346129118,0.944080673955043,307.672532865588,16504.5668522013
"F10","06","10",167780.213155982,331.082176009985,0.94516772051797,307.872314005842,16688.8099420942
"F11","06","11",166947.422167215,331.278486122859,0.945206984156693,307.934314588372,16695.0634894611
"F12","06","12",167715.943770195,331.162944588132,0.941063402882654,307.933879944398,16719.2533123468
"F13","06","13",170613.737226725,331.508269283436,0.943984084024927,308.600448038187,17168.1358120102
"F14","06","14",126065.81511675,333.772937917227,0.941877219605723,303.113388493931,13454.759793924
"F15","06","15",120093.185633518,336.183283342355,0.945004972711331,303.703413125014,13586.4523401487
"F16","06","16",126939.31133848,334.447148395396,0.939193431914754,303.861742599131,13776.5714043851
"F17","06","17",121314.545488187,333.937567173673,0.945847549896189,302.161615882583,13001.090241351
"F18","06","18",142377.684498462,334.250032053505,0.958953179134311,306.739086633234,15377.2280664301
"F19","06","19",150160.413333893,332.355876961422,0.956724667547247,306.443613772097,15454.4239444023
"F20","06","20",165938.46128912,331.353052662368,0.950318303870796,307.86680454203,16627.7733813697
"F21","06","21",166594.731849429,331.132412859773,0.94901996175044,307.762204850586,16593.6526076288
"F22","06","22",169183.068665104,330.397429230433,0.943303875858108,307.458500622275,16512.5952900813
"F23","06","23",172337.612356099,330.696660895946,0.946224594787529,308.109497815082,16961.2049113972
"F24","06","24",173462.152448014,330.743623693812,0.943555223398543,308.286789738027,17094.0865280086
"G01","07","01",175041.02838235,330.901484327587,0.942393863807055,308.613028605337,17324.9555208214
"G02","07","02",181471.150007716,330.424747553651,0.944508169062441,308.934646615221,17725.4748566277
"G03","07","03",145153.832941214,332.4296189292,0.952963353840876,305.684106355453,14968.0347237572
"G04","07","04",133401.299361796,333.445024170364,0.953321662012296,304.378993880851,14120.4748730239
"G05","07","05",121770.588956421,334.750608133482,0.952424753145967,302.935327792175,13314.0239339015
"G06","07","06",120574.755333002,334.928944455747,0.951672243099803,302.795815036077,13240.4568269365
"G07","07","07",125048.648621565,336.028052954645,0.956137628185504,304.742984303107,14095.8449532599
"G08","07","08",127698.05362942,336.084511183527,0.957393348225017,305.379390576243,14413.5272002303
"G09","07","09",143884.357105518,335.348853517638,0.95901290572342,307.930416284268,15960.4932812635
"G10","07","10",157047.857776297,333.221694889518,0.951886914547121,308.235997686792,16529.3395821927
"G11","07","11",167523.269592356,332.332344209384,0.949361112058766,308.919726424975,17230.7575957144
"G12","07","12",173725.801108703,331.013669995855,0.942612585664281,308.553215201855,17247.829666592
"G13","07","13",171231.061361479,331.105796421037,0.944673280624151,308.328373272444,17043.0601342032
"G14","07","14",162061.499063548,333.24910736288,0.954499189442703,308.976239614645,17068.9548129136
"G15","07","15",162345.772135059,332.049650569012,0.951714078271212,307.984027935267,16574.2229732935
"G16","07","16",177721.900954552,331.847198343415,0.952493637226695,309.751036742175,18046.6497120665
"G17","07","17",178347.547058631,331.235102889002,0.948161907750454,309.289795451709,17814.0749364155
"G18","07","18",175946.63462442,331.310451959643,0.943332320039184,309.07600527248,17610.2802987777
"G19","07","19",172299.751872093,331.026054819153,0.945188650348379,308.390779848151,17112.055094781
"G20","07","20",178735.976221421,330.139001013951,0.943062009567535,308.378176088362,17318.7212265631
"G21","07","21",175651.503009671,331.027682729254,0.944147074037054,308.795110021348,17445.7143259283
"G22","07","22",170025.382537659,331.154716563862,0.942945923736634,308.220418451232,16945.6730604515
"G23","07","23",170296.88310397,331.143834461688,0.946236119920976,308.245024511906,16967.6937503842
"G24","07","24",171371.855659644,330.83727883213,0.942591447513536,308.112916327837,16931.8271801185
"H01","08","01",169121.199234294,330.539750316428,0.943955780877922,307.573926667577,16572.2682708197
"H02","08","02",168297.222613131,330.95331051727,0.942069173934316,307.827148523539,16681.2232334041
"H03","08","03",125803.947724132,334.380268398439,0.945824036887084,303.556046408156,13630.9203095603
"H04","08","04",115776.053043523,333.986068016288,0.93680927356564,300.831746864027,12422.5496475582
"H05","08","05",117684.609690621,334.858625075993,0.939677373635207,302.02685879181,12901.0868791784
"H06","08","06",103846.028087497,335.496538656568,0.934419281228654,298.637095495733,11559.8501189629
"H07","08","07",108598.933861825,335.522794634181,0.93875058355187,300.100984399,12096.4826164318
"H08","08","08",119967.169958029,335.538037118936,0.948878442436957,303.146014171033,13367.5962402279
"H09","08","09",130316.792360561,335.086745707049,0.956403471106367,305.114041612301,14364.8720292523
"H10","08","10",156032.494524593,333.666514422734,0.957210402307828,308.46587491025,16608.5900222427
"H11","08","11",158419.795656235,332.272319668178,0.948698888321479,307.622713931676,16268.7367835752
"H12","08","12",167982.181075133,331.409653026959,0.945071965739339,308.181465796475,16858.3775585324
"H13","08","13",171363.230288349,331.688004572094,0.944658633888375,308.84958678383,17327.0685755241
"H14","08","14",125733.134525213,333.127370692152,0.934552190897966,302.507485155267,13201.6004732278
"H15","08","15",124764.146210605,333.326356166916,0.938573650899051,302.455530240175,13166.519726894
"H16","08","16",130947.282498075,331.604942597681,0.924501483039402,302.353556527637,13211.0027823395
"H17","08","17",124922.31301615,333.833636230866,0.9381033178037,302.908708155905,13353.0054823591
"H18","08","18",108349.464794617,335.898049491643,0.941598853263009,300.328078399971,12176.256949542
"H19","08","19",117088.550041405,334.140106056593,0.930766024902594,301.292115425704,12611.5640044991
"H20","08","20",118950.320752586,335.378170233496,0.952494466855819,302.765766843355,13203.9088507853
"H21","08","21",137681.895927951,333.117679208043,0.953740110073241,304.931868989762,14452.5993967346
"H22","08","22",149318.273721376,331.625263624056,0.949499409528101,305.688234215343,15072.6410952168
"H23","08","23",162716.848467646,331.304864981496,0.946970067036725,307.393884981347,16283.6580786722
"H24","08","24",165610.081924466,330.702710875736,0.946647760392869,307.262204544726,16301.8231713858
"I01","09","01",176255.738408545,330.827306933187,0.941165822746197,308.691772967731,17409.5751529808
"I02","09","02",174635.647602473,330.881781671788,0.94039916647192,308.547650445225,17275.4627364329
"I03","09","03",116154.824132403,334.704295613583,0.934832272540042,301.512123261816,12685.6984924435
"I04","09","04",120354.225438312,334.456346024426,0.93843167357186,302.356411662638,13064.8504840929
"I05","09","05",110137.996868882,335.279930125283,0.940242112455205,300.349483646367,12197.0203416356
"I06","09","06",122923.26715305,335.079776403188,0.935850595942962,303.475581080507,13547.6059445895
"I07","09","07",119610.658473006,334.844531450785,0.93996597140798,302.492954391913,13107.7460043032
"I08","09","08",125146.335219303,335.015007002844,0.947800029861584,303.931585062258,13771.0861537634
"I09","09","09",154563.303806974,333.072366229072,0.956859393993169,307.7374526075,16205.8364740177
"I10","09","10",152461.246564048,332.712453407632,0.956116328645453,307.108431305451,15837.8043168207
"I11","09","11",168103.567171458,331.18147667289,0.9486191116503,307.999722431841,16766.3636065556
"I12","09","12",173520.875462773,331.399786780702,0.948693837395017,308.863906931297,17409.5830512884
"I13","09","13",175395.274019935,330.980551216341,0.941235067753609,308.723809996417,17397.7700673165
"I14","09","14",175653.001659148,330.646518833947,0.942004641284193,308.463577366034,17263.4845719408
"I15","09","15",181568.07943012,330.962919250556,0.944325924639586,309.415801222198,18001.3481338336
"I16","09","16",180618.885435287,330.6005158883,0.943033773292604,308.993417012329,17728.8773908785
"I17","09","17",181098.572767558,330.290044463445,0.936866587152502,308.775592727798,17622.4390610115
"I18","09","18",181089.313953679,331.31128297915,0.941029108022314,309.666907319707,18125.4134496108
"I19","09","19",175527.357317942,330.925371288744,0.940051686604703,308.691418923842,17384.5066185872
"I20","09","20",180798.518250115,330.760122123263,0.94019088623894,309.152921935173,17825.1892096112
"I21","09","21",182674.797457317,331.581475171185,0.939303469957739,310.078889429086,18418.0613601608
"I22","09","22",181788.568422905,331.315546074211,0.938771157636395,309.748469638494,18197.5075218603
"I23","09","23",179232.812677868,330.606473709801,0.938485707300262,308.842520448005,17595.7385447911
"I24","09","24",188580.694701195,331.345900016979,0.929568358353624,310.503049987326,18892.9631726618
"J01","10","01",176059.065254659,330.771189059335,0.936150469067174,308.619849179876,17363.2294566374
"J02","10","02",178522.203969096,329.959590126294,0.938359694999706,308.197318122421,17210.3442561739
"J03","10","03",173700.730092822,330.178320206456,0.940136075977541,307.824250354229,16849.509077487
"J04","10","04",178075.458458941,330.550067527661,0.941079287353136,308.661256955249,17454.7139628281
"J05","10","05",170351.750166904,331.034951947012,0.940076864532851,308.157539006463,16922.7118930471
"J06","10","06",167120.957149817,331.024718823719,0.945744343541153,307.737541296813,16597.1124312827
"J07","10","07",171704.068745199,331.047309190218,0.944340699563488,308.336077766651,17062.82359626
"J08","10","08",172373.004687274,331.306898368238,0.945022325017306,308.643490640255,17250.9362949978
"J09","10","09",180100.554729216,331.058225116777,0.944761340839265,309.334955419784,17902.5595772312
"J10","10","10",171925.138836866,330.968773758621,0.940924191866519,308.295137485781,17048.0500949665
"J11","10","11",173027.385681634,330.670238158245,0.94276373027652,308.170465018096,17016.6260550259
"J12","10","12",180659.188122661,330.698708398921,0.943336725895908,309.083699920768,17781.2101603283
"J13","10","13",181156.42032007,332.154086985814,0.930280334280695,310.410596069215,18545.7861756356
"J14","10","14",141033.859119819,334.816778447059,0.960596125751188,306.975192681548,15445.0362071619
"J15","10","15",135729.735317843,335.261147870922,0.962043779999947,306.351968482824,15024.366258511
"J16","10","16",156414.426041672,333.953792936539,0.951123435704672,308.76837025912,16769.4748217692
"J17","10","17",148996.800595045,333.37144799209,0.949757670588843,307.119267299892,15741.8492038069
"J18","10","18",150423.265897721,333.112683725173,0.951535872559601,307.128827699183,15788.0540953182
"J19","10","19",144973.947815243,332.50482732756,0.948289413129007,305.717172910802,14978.8951463279
"J20","10","20",171604.976196123,332.335429988378,0.947114853640541,309.440919001973,17652.014711808
"J21","10","21",173383.695420161,331.236895536075,0.946434600535138,308.70580996193,17319.1099643085
"J22","10","22",181300.744433616,332.192876838682,0.93553993342518,310.460653526084,18579.5642948487
"J23","10","23",174545.386492739,330.43997315181,0.945766143371321,308.15269479112,17056.2471297431
"J24","10","24",167035.158769939,330.949284855698,0.943648765672015,307.661231364507,16554.3000215298
"K01","11","01",172127.714258947,330.88095105568,0.945067748466872,308.243780180104,17026.9813742998
"K02","11","02",162961.62068451,331.022924527717,0.944444813041962,307.184431339423,16183.2449076433
"K03","11","03",113113.771387983,335.021394397056,0.928938187838872,300.966320900931,12448.9436983294
"K04","11","04",122961.32686941,333.393705823381,0.929572514127974,302.10068893444,12998.4842429324
"K05","11","05",118101.511176347,334.631296163189,0.942182340960611,301.946351737275,12875.3534291168
"K06","11","06",127634.22002779,330.775692174211,0.890478299164896,300.976411463164,12589.0592085258
"K07","11","07",125516.141358665,330.8223640516,0.886406042229472,300.558070644486,12396.1059179867
"K08","11","08",112619.429716481,334.197667720473,0.925913022649791,300.167744013924,12147.5048254509
"K09","11","09",122740.384035312,334.809482139675,0.9518501022651,303.211272392845,13439.2816105555
"K10","11","10",138024.265709801,333.973703958893,0.958612347301577,305.713320327504,14805.1788967796
"K11","11","11",171686.67058018,332.292709640582,0.955542904406412,309.414022984186,17640.6161577174
"K12","11","12",181380.991328999,331.692849127741,0.940281391073432,310.03282768267,18342.3768187586
"K13","11","13",167255.909964026,330.770927860708,0.94426400090031,307.535634125876,16494.9290087282
"K14","11","14",164811.830951118,332.574342966075,0.956063898569931,308.770706324365,17059.4608800196
"K15","11","15",155504.464527834,332.191522499104,0.955824381072933,307.126407255581,15935.4118615405
"K16","11","16",151316.331208023,331.487292053769,0.952938578832342,305.886779996714,15217.7077278981
"K17","11","17",173768.104910056,331.458195463157,0.948275007682191,308.944536672304,17461.9366267859
"K18","11","18",176218.686329133,330.708161815363,0.944091000684811,308.583695996238,17348.6994481795
"K19","11","19",174638.980161632,331.540630252135,0.944984635849539,309.120879703172,17588.5097695333
"K20","11","20",173583.119357269,331.225796292278,0.944452704723829,308.720294167482,17333.7945290136
"K21","11","21",175183.663877305,330.877269773699,0.943191431212071,308.608889767229,17327.5215658626
"K22","11","22",171070.410407342,330.750056482299,0.942367111261172,307.999993641713,16861.3880252741
"K23","11","23",176530.800609185,330.798885529442,0.941175413340827,308.69920853126,17423.0753295483
"K24","11","24",174128.479103409,330.637833222513,0.946988459454174,308.274947944407,17109.5271622903
"L01","12","01",168715.587993721,329.997313394933,0.933137906871934,307.052983455311,16282.3695446755
"L02","12","02",163223.963126881,330.532157885685,0.943278737145327,306.797220796502,15991.0133359246
"L03","12","03",107350.47939596,336.43232894546,0.934992420796312,300.458616393471,12215.3134853909
"L04","12","04",119480.4871268,334.164288319621,0.935633318782837,301.905977233932,12876.913728847
"L05","12","05",120458.033984042,333.030370077874,0.933558010637196,301.215361211084,12616.3292652079
"L06","12","06",129934.910788866,331.072388444436,0.870708755720791,301.703696496613,12920.9434395406
"L07","12","07",129177.986736964,329.842108571133,0.881646030816645,300.525988975153,12411.7651272695
"L08","12","08",115730.155578457,332.475337014523,0.911043317840446,299.593767742109,11948.18427329
"L09","12","09",117086.617691032,335.933667228217,0.949362767461939,302.749111278742,13169.1528158445
"L10","12","10",143267.406640923,334.023810906108,0.957829480131268,306.705233672337,15386.7709038552
"L11","12","11",147213.56239554,332.945330495156,0.957742094053967,306.465592034783,15384.9418741032
"L12","12","12",159086.855989632,332.185673507154,0.950808616245863,307.644118385727,16300.0054535047
"L13","12","13",174613.354176796,331.959800886346,0.946810311882464,309.482169902719,17784.2097779656
"L14","12","14",151030.781403365,333.614750733279,0.96309204245811,307.652238287479,16055.2523644406
"L15","12","15",167919.370363632,333.439416229258,0.958501347112309,309.927747048084,17771.6738492695
"L16","12","16",152429.133921647,331.702778241087,0.957112061593175,306.243024663653,15418.685833969
"L17","12","17",149080.183843497,331.579145851295,0.952679096546225,305.610879175654,15029.9657611073
"L18","12","18",173505.579053093,330.825478594422,0.946331325885343,308.363146815237,17137.065314466
"L19","12","19",169326.024543711,330.938800159062,0.945529153689267,307.945332857694,16776.5072509589
"L20","12","20",174727.437124654,331.278308050417,0.942834151023959,308.903391105076,17472.9954278939
"L21","12","21",174608.563144729,331.099845394261,0.942617630201814,308.734026699005,17376.4054564329
"L22","12","22",173494.31739072,330.631427089125,0.942640662849496,308.193187788364,17044.1844271055
"L23","12","23",169102.544107078,331.115207244518,0.94351904956025,308.06977094302,16835.5312293116
"L24","12","24",166879.13427176,330.711334418812,0.946580163415851,307.435367444136,16430.6654566099
"289","13","01",168526.263691783,330.806953317648,0.943101680909106,307.729739711284,16636.7552767116
"290","13","02",171129.153388236,330.661619641071,0.942692487105663,307.930571672519,16825.919955561
"291","13","03",114436.815740798,334.471229940106,0.932680870976305,300.875318435869,12427.0356493124
"292","13","04",120384.92937708,333.913369352028,0.937538667166315,301.919969901396,12893.6756922464
"293","13","05",118120.548474243,334.693695623972,0.940886554600262,302.001910837025,12897.0501291696
"294","13","06",112315.552698655,335.036266337873,0.904539916713802,300.761037767447,12365.5311587972
"295","13","07",118311.706460553,333.000917036622,0.915441524381926,300.670225253632,12382.1624967612
"296","13","08",114305.637995546,335.935774067215,0.94774180060392,302.024953973707,12857.0022764065
"297","13","09",123464.58769264,334.855362077289,0.954735138840249,303.416887887925,13533.6414112297
"298","13","10",145611.897870947,332.874364385578,0.956889043923949,306.137703307846,15189.7566815616
"299","13","11",157532.391501756,332.141109423572,0.949934658153506,307.381839501167,16121.7645313047
"300","13","12",163556.599054105,331.149218121478,0.94474780776835,307.373738573008,16298.5131537097
"301","13","13",178090.480443038,331.99396039754,0.938154699064965,309.921628100931,18154.8096841151
"302","13","14",127286.418006939,334.293796917059,0.954845885364714,303.810885326722,13762.1890838857
"303","13","15",120563.4152934,334.28723048114,0.955088504778599,302.268507278646,13033.1868189527
"304","13","16",118579.323269276,334.687961906974,0.954945576439152,302.11140990584,12945.3320396741
"305","13","17",117669.516050472,335.350621523079,0.95748488337443,302.423241523909,13053.1415493329
"306","13","18",131309.37206222,335.015087555409,0.959219852647419,305.260988082345,14449.294010136
"307","13","19",153502.964670078,333.78962828853,0.960124696041905,308.187397451995,16389.9298791272
"308","13","20",168114.128650443,332.288130125262,0.953664658022615,308.958011927109,17271.4625635301
"309","13","21",176986.351579537,331.657335051554,0.944767054707536,309.500008485476,17880.9281604032
"310","13","22",174372.436821455,330.445625474908,0.940215986574744,308.136996597825,17042.038019536
"311","13","23",180028.285465681,331.552051969457,0.94302723960243,309.757888069442,18136.8630095251
"312","13","24",177603.490146355,331.310503434487,0.942762577735703,309.269675205391,17776.1377436668
"313","14","01",172460.475793239,330.047556059235,0.93837941083302,307.560897565415,16667.5001636123
"314","14","02",175162.859232896,330.832351271902,0.941726575439736,308.567347338156,17304.0335179772
"315","14","03",120240.961714353,333.882802204398,0.93710496332768,301.860352860753,12868.4271050754
"316","14","04",116269.07117484,335.951812638541,0.942193714297854,302.553686686143,13082.7740135975
"317","14","05",111894.661647704,335.285644286753,0.934871981149302,300.846139515259,12393.2545975096
"318","14","06",111036.389667391,335.353294784298,0.943097571939681,300.661846647614,12318.1122739145
"319","14","07",117266.000207786,335.148417655595,0.938417507418404,302.156752993798,12945.4779552243
"320","14","08",134439.461954609,334.785141512281,0.959351529836101,305.701802121255,14711.5510900334
"321","14","09",144814.954087708,333.153173567472,0.957021776565612,306.238039759739,15215.1724049866
"322","14","10",158969.773200306,331.381302358381,0.948465577652782,306.937421955455,15941.6737198691
"323","14","11",166253.863676809,331.191141093676,0.945114747626804,307.768393146039,16586.2448765214
"324","14","12",169029.851928248,330.976298034639,0.945361363722056,307.940307791911,16764.4158481912
"325","14","13",175435.22271957,331.175195669503,0.944001283903848,308.897882812453,17494.6150357789
"326","14","14",117606.968646105,335.497133284509,0.946606368977156,302.52658523576,13091.8648699404
"327","14","15",121241.817980251,335.628631700167,0.94440830995798,303.528093095751,13538.7062174118
"328","14","16",131939.805299073,335.306306704581,0.938557969584104,305.632561219091,14620.6491623025
"329","14","17",126685.537064051,334.824966811235,0.95039293978365,304.11781587568,13876.4677901304
"330","14","18",138744.79161508,334.374463631836,0.958069988296066,306.183788936798,15030.9195366693
"331","14","19",149348.129242895,333.142739840484,0.958577668538147,306.981982302191,15687.270371739
"332","14","20",167823.2911113,331.693046647744,0.953171670118333,308.406029784019,16971.4274664993
"333","14","21",176444.214393518,331.614538551362,0.949824517237263,309.399235613696,17805.6856027203
"334","14","22",164261.866602802,330.626297652432,0.939553020526374,307.01766331888,16134.8849459782
"335","14","23",175111.404327456,331.312340672772,0.940234421809669,308.978744973265,17527.5814785607
"336","14","24",177952.819711186,330.761881610645,0.943000398297934,308.831837336883,17545.4809376527
"337","15","01",170006.637345046,330.700181657985,0.942782831106225,307.824276520471,16733.4257299185
"338","15","02",169498.104853679,330.250548742072,0.941297707708383,307.370950967032,16475.3160812878
"339","15","03",107041.691567845,336.68599981867,0.933319531351135,300.568147924354,12251.648744142
"340","15","04",118441.030953246,336.036524925503,0.946629227780169,303.175215543679,13353.6646720388
"341","15","05",123873.553047585,336.010902154311,0.953368940089141,304.459993506056,13957.7747072256
"342","15","06",150465.540448555,335.112005543798,0.968861121964987,308.834417805919,16595.9680590528
"343","15","07",151740.150008449,332.217681723705,0.956047288209003,306.574869635452,15560.3853123456
"344","15","08",165055.33812162,331.346468513479,0.954744442414223,307.744413773681,16536.3293579605
"345","15","09",171153.164798906,331.005408972792,0.950042619163644,308.231672899412,16988.5659690773
"346","15","10",185265.829779862,330.014552560351,0.948600453163463,308.987176379124,17888.3407560576
"347","15","11",174917.713454485,330.972126124807,0.945538246071591,308.659813754416,17346.3890137415
"348","15","12",178385.113488432,330.773450218797,0.942785143114489,308.891555069603,17593.7272650355
"349","15","13",178142.442522322,330.874994239061,0.94149593339712,308.952256947603,17619.072177643
"350","15","14",111096.973996842,335.807197291632,0.937586281956356,301.043648663283,12458.3412804854
"351","15","15",115281.245549518,334.821714594973,0.937679340110526,301.380851712055,12626.3045395934
"352","15","16",127245.794954296,334.2135340183,0.928693947914765,303.735751179407,13730.5422669349
"353","15","17",131128.548056785,335.942231488629,0.945416036781056,305.99299859099,14751.4661106179
"354","15","18",128467.991811706,334.96658354999,0.94363654478536,304.622413316576,14120.0728260981
"355","15","19",145091.981657437,335.070076371548,0.953311285829759,307.904717967919,15987.1245492893
"356","15","20",148954.206110061,332.447730719513,0.95258450168946,306.32825131021,15367.201453428
"357","15","21",185045.905481176,331.645404214545,0.959284029292179,310.392761022584,18689.2003434148
"358","15","22",180149.414418126,330.817173948194,0.948821253998846,309.129988479452,17789.1981459943
"359","15","23",177973.416170318,330.906738123032,0.943841269789159,308.960490121483,17617.7391231757
"360","15","24",176117.946662318,330.681063495482,0.938290548942771,308.548295709768,17325.7701696126
"361","16","01",178679.367045291,330.911679795384,0.939427165724238,309.045779137258,17690.0259694651
"362","16","02",173477.57381333,330.336663680602,0.936079789341034,307.935044100832,16902.9506511428
"363","16","03",118215.370534161,334.559035636244,0.945778109388989,301.915913923041,12865.0168731648
"364","16","04",108454.462054917,335.370930437676,0.942890822022419,299.937323281912,12036.7498236458
"365","16","05",114122.466749052,334.452619080186,0.92449735972332,300.777045385932,12387.2387373612
"366","16","06",126092.873319153,335.266240924224,0.939817530034021,304.350467204819,13959.3340863661
"367","16","07",123754.284519315,334.920908664414,0.938132506876479,303.537426566852,13586.9615039449
"368","16","08",137569.826272132,334.333725277785,0.956658623148569,305.929364124197,14888.6828458828
"369","16","09",158325.914845775,332.463081407815,0.953915328242878,307.772669546519,16340.611360712
"370","16","10",165930.421814951,330.956420787547,0.947514977401134,307.523322436692,16448.0363504137
"371","16","11",176233.623518619,330.655100985549,0.943223992949581,308.539246012929,17324.6736930645
"372","16","12",181355.675382661,330.846893865061,0.942755287294547,309.290813465146,17922.9951369345
"373","16","13",177668.476037859,330.219018129992,0.944892769875688,308.325855032776,17254.1654670637
"374","16","14",177538.57556545,330.820503311356,0.937086746325815,308.835158288635,17532.9961802443
"375","16","15",184610.469698199,331.320732914417,0.939687999085991,310.061527343329,18482.5879434049
"376","16","16",180777.174025498,330.091148609891,0.939439698461598,308.566043489135,17492.8367668795
"377","16","17",177053.512115949,330.402295014614,0.944421483661357,308.414571780182,17283.1187685442
"378","16","18",174379.06413662,330.666471891683,0.938884778446478,308.329813485519,17147.7679761674
"379","16","19",182533.512144582,330.715971025201,0.938968326467701,309.306383295054,17974.2788024459
"380","16","20",178772.786279841,330.760892108536,0.938495143505166,308.924919014439,17625.8444828514
"381","16","21",177157.990564943,330.653420180283,0.94270604913929,308.645496019504,17414.731722682
"382","16","22",185947.159527711,331.388509860188,0.937600678817579,310.264022447816,18650.6360707656
"383","16","23",181282.646576813,331.292718311706,0.935363152496206,309.672263327831,18135.6225422465
"384","16","24",178795.396718688,331.212781374833,0.939096187030052,309.321662773806,17847.9619294839
